"geneSet","description","size","overlap","expect","enrichmentRatio","pValue","FDR","overlapId","userId","database"
"GO:1901264","carbohydrate derivative transport",52,1,0.0115222690006647,86.7884615384615,0.01148971300515,1,"55032","ENSG00000138459","geneontology_Biological_Process_noRedundant"
"GO:0008643","carbohydrate transport",87,1,0.0192776423664968,51.8735632183908,0.0191857932117315,1,"55032","ENSG00000138459","geneontology_Biological_Process_noRedundant"
"GO:0015849","organic acid transport",152,1,0.0336804786173277,29.6907894736842,0.0333987194887284,1,"55032","ENSG00000138459","geneontology_Biological_Process_noRedundant"
"GO:0051604","protein maturation",203,1,0.0449811655218258,22.2315270935961,0.0444777751929943,1,"23761","ENSG00000241878","geneontology_Biological_Process_noRedundant"
"GO:0015931","nucleobase-containing compound transport",209,1,0.0463106580988256,21.5933014354067,0.0457769951135319,1,"55032","ENSG00000138459","geneontology_Biological_Process_noRedundant"
"GO:0015711","organic anion transport",236,1,0.0522933746953246,19.1228813559322,0.0516125468253301,1,"55032","ENSG00000138459","geneontology_Biological_Process_noRedundant"
"GO:0046486","glycerolipid metabolic process",296,1,0.0655883004653224,15.2466216216216,0.0645163587125652,1,"23761","ENSG00000241878","geneontology_Biological_Process_noRedundant"
"GO:0006644","phospholipid metabolic process",321,1,0.0711278528694881,14.0591900311526,0.069866860464046,1,"23761","ENSG00000241878","geneontology_Biological_Process_noRedundant"
