"geneSet","description","size","overlap","expect","enrichmentRatio","pValue","FDR","overlapId","userId","database"
"GO:1901998","toxin transport",31,1,0.0112481857764877,88.9032258064516,0.0112074151283863,1,"22818","ENSG00000111481","geneontology_Biological_Process_noRedundant"
"GO:0032963","collagen metabolic process",45,1,0.0163280116110305,61.2444444444444,0.016241258648511,1,"140766","ENSG00000138316","geneontology_Biological_Process_noRedundant"
"GO:0006338","chromatin remodeling",123,1,0.0446298984034833,22.4065040650407,0.0439744877496114,1,"3149","ENSG00000029993","geneontology_Biological_Process_noRedundant"
"GO:0071103","DNA conformation change",169,1,0.0613207547169811,16.3076923076923,0.0600830010432015,1,"3149","ENSG00000029993","geneontology_Biological_Process_noRedundant"
"GO:0043062","extracellular structure organization",181,1,0.0656748911465893,15.2265193370166,0.064255252930796,1,"140766","ENSG00000138316","geneontology_Biological_Process_noRedundant"
"GO:0045088","regulation of innate immune response",193,1,0.0700290275761974,14.279792746114,0.0684151395464206,1,"3149","ENSG00000029993","geneontology_Biological_Process_noRedundant"
"GO:0006310","DNA recombination",200,1,0.0725689404934688,13.78,0.0708360370183335,1,"3149","ENSG00000029993","geneontology_Biological_Process_noRedundant"
"GO:0031349","positive regulation of defense response",201,1,0.0729317851959361,13.7114427860697,0.0711815367566754,1,"3149","ENSG00000029993","geneontology_Biological_Process_noRedundant"
"GO:0048193","Golgi vesicle transport",296,1,0.107402031930334,9.31081081081081,0.103614930785359,1,"22818","ENSG00000111481","geneontology_Biological_Process_noRedundant"
