"geneSet","description","size","overlap","expect","enrichmentRatio","pValue","FDR","overlapId","userId","database"
"GO:0018210","peptidyl-threonine modification",85,1,0.0205611998064828,48.6352941176471,0.0204567398582702,1,"51231","ENSG00000105053","geneontology_Biological_Process_noRedundant"
"GO:0098732","macromolecule deacylation",95,1,0.0229801644895984,43.5157894736842,0.0228495164031087,1,"79885","ENSG00000163517","geneontology_Biological_Process_noRedundant"
"GO:0042063","gliogenesis",144,1,0.034833091436865,28.7083333333333,0.034531825434962,1,"79885","ENSG00000163517","geneontology_Biological_Process_noRedundant"
"GO:0070371","ERK1 and ERK2 cascade",151,1,0.036526366715046,27.3774834437086,0.0361949916692458,1,"51231","ENSG00000105053","geneontology_Biological_Process_noRedundant"
"GO:0018209","peptidyl-serine modification",206,1,0.0498306724721819,20.0679611650485,0.0492128372322649,1,"51231","ENSG00000105053","geneontology_Biological_Process_noRedundant"
"GO:0042326","negative regulation of phosphorylation",284,1,0.0686985970004838,14.556338028169,0.067522734961586,1,"51231","ENSG00000105053","geneontology_Biological_Process_noRedundant"
"GO:0016311","dephosphorylation",308,1,0.0745041122399613,13.4220779220779,0.073120734808144,1,"51231","ENSG00000105053","geneontology_Biological_Process_noRedundant"
"GO:1902532","negative regulation of intracellular signal transduction",330,1,0.0798258345428157,12.5272727272727,0.0782374288597026,1,"51231","ENSG00000105053","geneontology_Biological_Process_noRedundant"
"GO:0016569","covalent chromatin modification",370,1,0.0895016932752782,11.172972972973,0.087504225946224,1,"79885","ENSG00000163517","geneontology_Biological_Process_noRedundant"
