"geneSet","description","size","overlap","expect","enrichmentRatio","pValue","FDR","overlapId","userId","database"
"GO:0055081","anion homeostasis",28,1,0.00620429869266563,161.178571428571,0.00619501802426126,1,"54896","ENSG00000040487","geneontology_Biological_Process_noRedundant"
"GO:0098742","cell-cell adhesion via plasma-membrane adhesion molecules",82,1,0.0181697318856636,55.0365853658537,0.0180881945846808,1,"347902","ENSG00000139211","geneontology_Biological_Process_noRedundant"
"GO:0015893","drug transport",92,1,0.0203855528473299,49.054347826087,0.0202827780379613,1,"54896","ENSG00000040487","geneontology_Biological_Process_noRedundant"
"GO:0050803","regulation of synapse structure or activity",115,1,0.0254819410591624,39.2434782608696,0.0253210024840522,1,"347902","ENSG00000139211","geneontology_Biological_Process_noRedundant"
"GO:0098656","anion transmembrane transport",143,1,0.031686239751828,31.5594405594406,0.0314369629626449,1,"54896","ENSG00000040487","geneontology_Biological_Process_noRedundant"
"GO:0015849","organic acid transport",152,1,0.0336804786173277,29.6907894736842,0.0333987194887284,1,"54896","ENSG00000040487","geneontology_Biological_Process_noRedundant"
"GO:0050808","synapse organization",201,1,0.0445380013294926,22.452736318408,0.0440445054698859,1,"347902","ENSG00000139211","geneontology_Biological_Process_noRedundant"
"GO:0015711","organic anion transport",236,1,0.0522933746953246,19.1228813559322,0.0516125468253301,1,"54896","ENSG00000040487","geneontology_Biological_Process_noRedundant"
