"geneSet","description","size","overlap","expect","enrichmentRatio","pValue","FDR","overlapId","userId","database"
"GO:0072089","stem cell proliferation",65,1,0.0216042543762464,46.2871794871795,0.0214514062183322,1,"54894","ENSG00000108375","geneontology_Biological_Process_noRedundant"
"GO:0043112","receptor metabolic process",122,1,0.0405495235984932,24.6612021857923,0.040008277757043,1,"54894","ENSG00000108375","geneontology_Biological_Process_noRedundant"
"GO:0097485","neuron projection guidance",141,1,0.0468646133392422,21.338061465721,0.0461413603237927,1,"56896","ENSG00000157851","geneontology_Biological_Process_noRedundant"
"GO:0010876","lipid localization",201,1,0.0668070019942389,14.9684908789386,0.0653373971366136,1,"83985","ENSG00000169682","geneontology_Biological_Process_noRedundant"
"GO:0061564","axon development",296,1,0.0983824506979836,10.1644144144144,0.0952015490739436,1,"56896","ENSG00000157851","geneontology_Biological_Process_noRedundant"
"GO:0198738","cell-cell signaling by wnt",307,1,0.102038555284733,9.80021715526601,0.0986178325466085,1,"54894","ENSG00000108375","geneontology_Biological_Process_noRedundant"
