"geneSet","description","size","overlap","expect","enrichmentRatio","pValue","FDR","overlapId","userId","database"
"GO:0006898","receptor-mediated endocytosis",159,1,0.0352315532904941,28.3836477987421,0.0349231552062895,1,"84171","ENSG00000138131","geneontology_Biological_Process_noRedundant"
"GO:0006399","tRNA metabolic process",181,1,0.04010635940616,24.9337016574586,0.0397064067915835,1,"79042","ENSG00000170892","geneontology_Biological_Process_noRedundant"
"GO:0043062","extracellular structure organization",190,1,0.0421005982716596,23.7526315789474,0.041659766522444,1,"84171","ENSG00000138131","geneontology_Biological_Process_noRedundant"
"GO:0090305","nucleic acid phosphodiester bond hydrolysis",246,1,0.0545091956569909,18.3455284552846,0.0537693201480728,1,"79042","ENSG00000170892","geneontology_Biological_Process_noRedundant"
"GO:0018205","peptidyl-lysine modification",306,1,0.0678041214269887,14.7483660130719,0.0666584008156187,1,"84171","ENSG00000138131","geneontology_Biological_Process_noRedundant"
"GO:0034470","ncRNA processing",356,1,0.0788832262353202,12.6769662921348,0.0773317832816618,1,"79042","ENSG00000170892","geneontology_Biological_Process_noRedundant"
"GO:0008380","RNA splicing",386,1,0.0855306891203191,11.6917098445596,0.0837063503219081,1,"79042","ENSG00000170892","geneontology_Biological_Process_noRedundant"
"GO:0006397","mRNA processing",444,1,0.0983824506979836,10.1644144144144,0.0959678564786366,1,"79042","ENSG00000170892","geneontology_Biological_Process_noRedundant"
