"geneSet","description","size","overlap","expect","enrichmentRatio","pValue","FDR","overlapId","userId","database"
"GO:0099072","regulation of postsynaptic membrane neurotransmitter receptor levels",36,1,0.00870827285921625,114.833333333333,0.00868983875070772,1,"1500","ENSG00000198561","geneontology_Biological_Process_noRedundant"
"GO:0051302","regulation of cell division",96,1,0.02322206095791,43.0625,0.0230886331248991,1,"84440","ENSG00000131242","geneontology_Biological_Process_noRedundant"
"GO:0000910","cytokinesis",119,1,0.028785679729076,34.7394957983193,0.0285802418309253,1,"84440","ENSG00000131242","geneontology_Biological_Process_noRedundant"
"GO:0051701","interaction with host",136,1,0.0328979196903725,30.3970588235294,0.0326293083949691,1,"1500","ENSG00000198561","geneontology_Biological_Process_noRedundant"
"GO:0016197","endosomal transport",157,1,0.0379777455249153,26.3312101910828,0.0376194215681055,1,"84440","ENSG00000131242","geneontology_Biological_Process_noRedundant"
"GO:0034330","cell junction organization",168,1,0.0406386066763425,24.6071428571429,0.0402281405268963,1,"1500","ENSG00000198561","geneontology_Biological_Process_noRedundant"
"GO:0048880","sensory system development",169,1,0.0408805031446541,24.4615384615385,0.0404651212329391,1,"84440","ENSG00000131242","geneontology_Biological_Process_noRedundant"
"GO:0045787","positive regulation of cell cycle",286,1,0.0691823899371069,14.4545454545455,0.0679898786795728,1,"84440","ENSG00000131242","geneontology_Biological_Process_noRedundant"
"GO:0198738","cell-cell signaling by wnt",289,1,0.0699080793420416,14.3044982698962,0.0686903748028795,1,"1500","ENSG00000198561","geneontology_Biological_Process_noRedundant"
