"geneSet","description","size","overlap","expect","enrichmentRatio","pValue","FDR","overlapId","userId","database"
"GO:1901264","carbohydrate derivative transport",52,1,0.0115222690006647,86.7884615384615,0.01148971300515,1,"51228","ENSG00000139433","geneontology_Biological_Process_noRedundant"
"GO:0097194","execution phase of apoptosis",55,1,0.0121870152891646,82.0545454545454,0.0121505555204326,1,"840","ENSG00000165806","geneontology_Biological_Process_noRedundant"
"GO:0043279","response to alkaloid",61,1,0.0135165078661644,73.9836065573771,0.0134715776461111,1,"840","ENSG00000165806","geneontology_Biological_Process_noRedundant"
"GO:0015748","organophosphate ester transport",66,1,0.0146244183469976,68.3787878787879,0.0145717542366063,1,"51228","ENSG00000139433","geneontology_Biological_Process_noRedundant"
"GO:0060359","response to ammonium ion",68,1,0.0150675825393308,66.3676470588235,0.0150116530085757,1,"840","ENSG00000165806","geneontology_Biological_Process_noRedundant"
"GO:1903509","liposaccharide metabolic process",80,1,0.0177265676933304,56.4125,0.017648983269631,1,"51228","ENSG00000139433","geneontology_Biological_Process_noRedundant"
"GO:0006643","membrane lipid metabolic process",147,1,0.0325725681364946,30.7006802721088,0.032309100272343,1,"51228","ENSG00000139433","geneontology_Biological_Process_noRedundant"
"GO:0010876","lipid localization",201,1,0.0445380013294926,22.452736318408,0.0440445054698859,1,"51228","ENSG00000139433","geneontology_Biological_Process_noRedundant"
"GO:0015711","organic anion transport",236,1,0.0522933746953246,19.1228813559322,0.0516125468253301,1,"51228","ENSG00000139433","geneontology_Biological_Process_noRedundant"
