"geneSet","description","size","overlap","expect","enrichmentRatio","pValue","FDR","overlapId","userId","database"
"GO:0007219","Notch signaling pathway",117,1,0.0259251052514957,38.5726495726496,0.0257584951568045,1,"23555","ENSG00000099282","geneontology_Biological_Process_noRedundant"
"GO:0071166","ribonucleoprotein complex localization",123,1,0.0272545978284955,36.6910569105691,0.0270703839262755,1,"10482","ENSG00000162231","geneontology_Biological_Process_noRedundant"
"GO:0051604","protein maturation",203,1,0.0449811655218258,22.2315270935961,0.0444777751929943,1,"23555","ENSG00000099282","geneontology_Biological_Process_noRedundant"
"GO:0015931","nucleobase-containing compound transport",209,1,0.0463106580988256,21.5933014354067,0.0457769951135319,1,"10482","ENSG00000162231","geneontology_Biological_Process_noRedundant"
"GO:0006403","RNA localization",214,1,0.0474185685796588,21.088785046729,0.0468590031997436,1,"10482","ENSG00000162231","geneontology_Biological_Process_noRedundant"
"GO:1990778","protein localization to cell periphery",222,1,0.0491912253489918,20.3288288288288,0.0485889394319765,1,"23555","ENSG00000099282","geneontology_Biological_Process_noRedundant"
"GO:0031503","protein-containing complex localization",239,1,0.0529581209838245,18.8828451882845,0.0522598366184979,1,"10482","ENSG00000162231","geneontology_Biological_Process_noRedundant"
"GO:0051169","nuclear transport",303,1,0.0671393751384888,14.8943894389439,0.066016045981047,1,"10482","ENSG00000162231","geneontology_Biological_Process_noRedundant"
