"geneSet","description","size","overlap","expect","enrichmentRatio","pValue","FDR","overlapId","userId","database"
"GO:0051348","negative regulation of transferase activity",192,2,0.04644412191582,43.0625,0.000536520339054158,0.226366024498402,"1852;64853","ENSG00000186063;ENSG00000130829","geneontology_Biological_Process_noRedundant"
"GO:0031098","stress-activated protein kinase signaling cascade",195,2,0.0471698113207547,42.4,0.000553462162587781,0.226366024498402,"1852;64853","ENSG00000186063;ENSG00000130829","geneontology_Biological_Process_noRedundant"
"GO:0042326","negative regulation of phosphorylation",284,2,0.0686985970004838,29.112676056338,0.00117586203889786,0.259863169757255,"1852;64853","ENSG00000186063;ENSG00000130829","geneontology_Biological_Process_noRedundant"
"GO:0071900","regulation of protein serine/threonine kinase activity",328,2,0.0793420416061925,25.2073170731707,0.00156918154138297,0.259863169757255,"1852;64853","ENSG00000186063;ENSG00000130829","geneontology_Biological_Process_noRedundant"
"GO:1902532","negative regulation of intracellular signal transduction",330,2,0.0798258345428157,25.0545454545455,0.0015884056831128,0.259863169757255,"1852;64853","ENSG00000186063;ENSG00000130829","geneontology_Biological_Process_noRedundant"
"GO:0007389","pattern specification process",195,1,0.0471698113207547,21.2,0.0466163491581667,1,"64853","ENSG00000186063","geneontology_Biological_Process_noRedundant"
"GO:0032147","activation of protein kinase activity",201,1,0.0486211901306241,20.5671641791045,0.0480330542877471,1,"1852","ENSG00000130829","geneontology_Biological_Process_noRedundant"
"GO:0051098","regulation of binding",247,1,0.059748427672956,16.7368421052632,0.0588594647355212,1,"64853","ENSG00000186063","geneontology_Biological_Process_noRedundant"
"GO:0016311","dephosphorylation",308,1,0.0745041122399613,13.4220779220779,0.073120734808144,1,"1852","ENSG00000130829","geneontology_Biological_Process_noRedundant"
