"geneSet","description","size","overlap","expect","enrichmentRatio","pValue","FDR","overlapId","userId","database"
"GO:0009268","response to pH",20,1,0.00443164192333259,225.65,0.00442697703709727,1,"1186","ENSG00000103249","geneontology_Biological_Process_noRedundant"
"GO:0015698","inorganic anion transport",87,1,0.0192776423664968,51.8735632183908,0.0191857932117315,1,"1186","ENSG00000103249","geneontology_Biological_Process_noRedundant"
"GO:0098656","anion transmembrane transport",143,1,0.031686239751828,31.5594405594406,0.0314369629626449,1,"1186","ENSG00000103249","geneontology_Biological_Process_noRedundant"
"GO:0071826","ribonucleoprotein complex subunit organization",232,1,0.0514070463106581,19.4525862068966,0.0507491500393141,1,"60680","ENSG00000161082","geneontology_Biological_Process_noRedundant"
"GO:1903311","regulation of mRNA metabolic process",232,1,0.0514070463106581,19.4525862068966,0.0507491500393141,1,"60680","ENSG00000161082","geneontology_Biological_Process_noRedundant"
"GO:0008380","RNA splicing",386,1,0.0855306891203191,11.6917098445596,0.0837063503219081,1,"60680","ENSG00000161082","geneontology_Biological_Process_noRedundant"
"GO:0022613","ribonucleoprotein complex biogenesis",428,1,0.0948371371593175,10.5443925233645,0.0925936215046343,1,"60680","ENSG00000161082","geneontology_Biological_Process_noRedundant"
"GO:0006397","mRNA processing",444,1,0.0983824506979836,10.1644144144144,0.0959678564786366,1,"60680","ENSG00000161082","geneontology_Biological_Process_noRedundant"
